1555;"小龙记";"";0.0;0.0;"4853 Main St,Vancouver,";0;"";4.0;"1";"http://i2.s1.dpfile.com/pc/73849810a037029b90b32c2008b1cebb(249x249)/thumb.jpg";0.0;0;8.1;6.7;6.7;0;0
1556;"QQ Bubble Tea & Coffee";"";0.0;0.0;"8260 Westminster HWY,#2400号(近richmond center,公众市场2楼)";0;"";4.0;"0";"http://i3.s1.dpfile.com/pc/73d80cd5f686005823d281f162642938(249x249)/thumb.jpg";0.0;0;7.6;7.2;7.2;0;0
1557;"Audrey s Moment";"";0.0;0.0;"120B-6540 Burlington Ave,Burnaby";0;"";4.0;"0";"http://i2.s1.dpfile.com/pc/7984d1bd7dedfdcede51b86e12ad0069(249x249)/thumb.jpg";6.8;0;7.7;7.7;7.7;0;0
1558;"Secret Location";"";0.0;0.0;"One Water Street, Vancouver, British Columbia V6B 2H9, Canada(Carrall Street)";604;"";4.5;"0";"http://i1.s1.dpfile.com/pc/cfdc054fcd245ea9ed3e1dd5f1e1f23e(249x249)/thumb.jpg";0.0;0;0.0;0.0;0.0;0;0
1559;"Prospect Point Café";"";0.0;0.0;"Stanley Park Dr";0;"";4.0;"0";"http://i1.s1.dpfile.com/pc/6a2f7c9d2e0f4f3015c9f84ba7ab012d(249x249)/thumb.jpg";0.0;0;0.0;0.0;0.0;0;0
1560;"Suika";"";0.0;0.0;"1626 W Broadway Vancouver";0;"";4.0;"0";"http://i2.s1.dpfile.com/pc/d399db1cda9c378e926f62b604c112a6(249x249)/thumb.jpg";0.0;0;7.5;7.2;7.2;0;0
1561;"C Restaurant";"";0.0;0.0;"1600 Howe St";1;"";4.0;"0";"http://i2.s1.dpfile.com/pc/97e49854a3971e5c837bdec352372d98(249x249)/thumb.jpg";0.0;0;0.0;0.0;0.0;0;0
1562;"The Keg Steakhouse & Bar";"";0.0;0.0;"688 Dunsmuir Street | Downtown Vancouver, Vancouver, British Columbia V6B 1N3, Canada";604;"";4.0;"0";"http://i3.s1.dpfile.com/pc/4f87f6880932f83b32144bd8799e621e(249x249)/thumb.jpg";0.0;0;7.5;7.5;7.5;0;0
1563;"Templeton";"";0.0;0.0;"1087 Granville St.";1;"";4.5;"0";"http://i3.s1.dpfile.com/pc/84c0c068804bddce1c5c65f25ac110a0(249x249)/thumb.jpg";0.0;0;0.0;0.0;0.0;0;0
1564;"惠斯勒餐厅";"";0.0;0.0;"4222 Village Square, Whistler, BC V0N 1B4";1;"";0.0;"4";"http://i3.s1.dpfile.com/pc/f082135d3e6bcf29d593b68553ae405d(249x249)/thumb.jpg";0.0;0;0.0;0.0;0.0;0;0
1565;"Pear Tree";"";0.0;0.0;"4120 E Hastings St, Burnaby";1;"";4.0;"0";"http://i3.s1.dpfile.com/pc/491af34b7e58e6a537dead24b406729d(249x249)/thumb.jpg";0.0;0;0.0;0.0;0.0;0;0
1566;"Pourhouse";"";0.0;0.0;"162 Water St";1;"";4.0;"0";"http://i1.s1.dpfile.com/pc/cce631034cf19e7be25b5320a14e444a(249x249)/thumb.jpg";0.0;0;0.0;0.0;0.0;0;0
1567;"Santouka Japanese Ramen";"";0.0;0.0;"1690 Robson Street, Vancouver, BC, Canada";1;"";4.0;"0";"http://i1.s1.dpfile.com/pc/c8414231bf19c3ffade82a250774132b(249x249)/thumb.jpg";0.0;0;7.4;7.0;7.0;0;0
1568;"Crave";"";0.0;0.0;"3941 Main St";0;"";4.0;"0";"http://i1.s1.dpfile.com/pc/90ccfb174ebec8e61eb7b11d2d6deb8a(249x249)/thumb.jpg";0.0;0;0.0;0.0;0.0;0;0
1569;"Timbre";"";0.0;0.0;"2068 Commercial Dr";0;"";4.0;"0";"http://i3.s1.dpfile.com/pc/e317041315942d0ef6f49a8cc2561e11(249x249)/thumb.jpg";0.0;0;0.0;0.0;0.0;0;0
1570;"Naam";"";0.0;0.0;"2724 W 4th Ave";0;"";4.0;"0";"http://i1.s1.dpfile.com/pc/2cb9517bcd85b89b32cf2304b9600488(249x249)/thumb.jpg";0.0;0;0.0;0.0;0.0;0;0
1571;"Artisan Bake Shoppe";"";0.0;0.0;"127 Lonsdale Ave";0;"";4.0;"0";"http://i2.s1.dpfile.com/pc/a2fa5640f34ee9303c3379d324fec5cd(249x249)/thumb.jpg";0.0;0;0.0;0.0;0.0;0;0
1572;"Bob Likes Thai Food";"";0.0;0.0;"3755 Main St";0;"";4.0;"0";"http://i2.s1.dpfile.com/pc/27f33f47fa3016703c794276582ec438(249x249)/thumb.jpg";0.0;0;0.0;0.0;0.0;0;0
1573;"Terra Breads";"";0.0;0.0;"107- 1689Johnston Street,Vancouver,BC V6H 3R9";0;"";3.0;"0";"http://i3.s1.dpfile.com/pc/8793c96152ebd9412c4aa6bce0e4cf70(249x249)/thumb.jpg";0.0;0;6.8;6.4;6.4;0;0
1574;"鲑鱼屋";"";0.0;0.0;"229 Folkestone Way, West Vancouver, BC, Canada";1;"";0.0;"0";"http://i1.s1.dpfile.com/pc/5c5f8a7e383e3e4a8a3030c8f7174fb4(249x249)/thumb.jpg";0.0;0;0.0;0.0;0.0;0;0
1575;"dinesty";"";0.0;0.0;"robson St";0;"";4.0;"0";"http://i2.s1.dpfile.com/pc/ba1880ba3e38e85a26508dad60d5023f(249x249)/thumb.jpg";0.0;0;7.7;7.7;7.7;0;0
1576;"Bella Gelateria And Gelato";"";0.0;0.0;"1001 West Cordova Street,Vancouver,BC V6C0B7";0;"";4.0;"0";"http://i3.s1.dpfile.com/pc/33dbcbd615b3c5366a4eeaf34367f58d(249x249)/thumb.jpg";0.0;0;8.5;7.0;7.0;0;0
1577;"Gyo-O 魚王";"";0.0;0.0;"3779 Sexsmith Rd, Richmond";604;"";3.0;"6";"http://i2.s1.dpfile.com/pc/43881748e2f996457f1a4579e097d508(249x249)/thumb.jpg";0.0;0;6.9;6.8;6.8;0;0
1578;"Cactus Club Cafe";"";0.0;0.0;"588 Burrard St,Vancouver,BC";0;"";3.0;"4";"http://i2.s1.dpfile.com/pc/783898c350117486abe7a9735cba4f94(249x249)/thumb.jpg";0.0;0;6.5;7.5;7.5;0;0
1579;"老西安";"";0.0;0.0;"2010-8580 Alexandro Rd，Richmond";604;"";4.0;"0";"http://i1.s1.dpfile.com/pc/469129cf2ad339fbec65fee6c63fc52d(249x249)/thumb.jpg";0.0;0;8.2;8.0;8.0;0;0
1580;"颐东其他酒楼";"";0.0;0.0;"帝国中心，列治文";604;"";4.0;"0";"http://i2.s1.dpfile.com/pc/2419939b3cd55075c72715187cc0f54e(249x249)/thumb.jpg";0.0;0;7.6;7.5;7.5;0;0
1581;"Miku";"";0.0;0.0;"70-200 Granville St | Corner of Canada Way and Howe St, Vancouver, British Columbia V6C 2R6, Canada (Downtown)(Howe Street & Canada Place Way)";1;"";4.0;"0";"http://i1.s1.dpfile.com/pc/f16ec7f3b7d5f0b30f81bbe3091d6a72(249x249)/thumb.jpg";0.0;0;8.6;8.2;8.2;0;0
1582;"Thierry Chocolaterie Patisserie Cafe";"";0.0;0.0;"1059 Alberni Street, Vancouver";0;"";4.0;"4";"http://i3.s1.dpfile.com/pc/b400207f72c0ff4ee5282907cc12e31c(249x249)/thumb.jpg";0.0;0;7.6;8.0;8.0;0;0
1583;"Tojo s寿司店";"";0.0;0.0;"202-777 West Broadway";1;"";4.0;"6";"http://i3.s1.dpfile.com/pc/e0fddf125c8be62d02b3cd8c4dd4462f(249x249)/thumb.jpg";0.0;0;7.4;7.1;7.1;0;0
1584;"Hawksworth Restaurant";"";0.0;0.0;"801 W Georgia St, Vancouver";604;"";4.0;"4";"http://i1.s1.dpfile.com/pc/315c612bd0969fafe6cbb4335aa7239a(249x249)/thumb.jpg";0.0;0;8.3;8.4;8.4;0;0
1585;"Cheesecake Etc";"";0.0;0.0;"2141 Granville St";0;"";4.5;"10";"http://i1.s1.dpfile.com/pc/138caea218d396fa4716f33ff31a5114(249x249)/thumb.jpg";0.0;0;8.8;8.1;8.1;0;0
1586;"Starbucks";"";0.0;0.0;"818 West 6th Ave - False Creek";0;"";3.0;"0";"http://i1.s1.dpfile.com/pc/0735804d1773ddae32e1f04c095ae129(249x249)/thumb.jpg";0.0;0;6.8;6.8;6.8;0;0
1587;"Deer Garden Signatures";"";0.0;0.0;"2015-8580 Alexandra Road Richmond, BC";0;"";4.0;"0";"http://i2.s1.dpfile.com/pc/e7667bf118775fe4d1d3751f70f80e7a(249x249)/thumb.jpg";0.0;0;7.9;7.6;7.6;0;0
1588;"玉庭轩";"";0.0;0.0;"8511 Alexandra Road,Richmond,BC V6X 1C3,Canada";0;"";3.0;"0";"http://i2.s1.dpfile.com/pc/e08da1f1ed9cf17a4268b4b2c5120c44(249x249)/thumb.jpg";0.0;0;6.8;6.8;6.8;0;0
1589;"Cobs Bread Bakery";"";0.0;0.0;"1160 Davie St,Vancouver,BC V6E 1N1加拿大";0;"";3.0;"10";"http://i3.s1.dpfile.com/pc/9f0760d15fd95266e32afb0db045ebaa(249x249)/thumb.jpg";0.0;0;6.7;6.9;6.9;0;0
1590;"名都其他酒家";"";0.0;0.0;"110-8351 Alexandra Rd,Richmond, BC";1;"";4.0;"0";"http://i1.s1.dpfile.com/pc/28b2af2d8748e8997af9e75c890d3243(249x249)/thumb.jpg";0.0;0;7.9;7.8;7.8;0;0
1591;"湘緣湖南食府";"";0.0;0.0;"4850 Imperial St, Burnaby, BC";1;"";4.0;"0";"http://i2.s1.dpfile.com/pc/b90164da4988769b9bf6aca5bd520974(249x249)/thumb.jpg";0.0;0;7.4;6.6;6.6;0;0
1592;"Caffe Artigiano";"";0.0;0.0;"574 Granville St, Vancouver, BC V6C 1W6";1;"";4.0;"0";"http://i2.s1.dpfile.com/pc/592d762cf4708826a929e9790937c05c(249x249)/thumb.jpg";0.0;0;7.5;7.2;7.2;0;0
1593;"IHOP";"";0.0;0.0;"10551 St Edwards Street";0;"";4.0;"0";"http://i2.s1.dpfile.com/pc/61ef39e0544beea21860807aad3ceae5(249x249)/thumb.jpg";0.0;0;6.9;6.9;6.9;0;0
1594;"Cimona Cafe";"";0.0;0.0;"3791 Bayview Street, Suite 210, Richmond,";1;"";4.0;"4";"http://i1.s1.dpfile.com/pc/7b00bcbb664b48253cd8f6d03c7dd271(249x249)/thumb.jpg";0.0;0;7.5;7.5;7.5;0;0
1595;"The Boathouse Restaurant";"";0.0;0.0;"1795 Beach Ave, Vancouver, British Columbia, V6G 1Y9, Canada";1;"";3.0;"0";"http://i3.s1.dpfile.com/pc/e0c82e290414f387e9cd109fab8ec30f(249x249)/thumb.jpg";0.0;0;6.8;7.1;7.1;0;0
1596;"Chop Steakhouse & Bar - Richmond";"";0.0;0.0;"10251 St Edwards Dr, Richmond, BC V6X 2M9";1;"";4.0;"0";"http://i2.s1.dpfile.com/pc/6a2ff0e11942540d15f16f240f871176(249x249)/thumb.jpg";0.0;0;7.2;7.2;7.2;0;0
1597;"Haroo Restaurant";"";0.0;0.0;"8580 Alexandra Rd, Richmond,";604;"";4.0;"6";"http://i1.s1.dpfile.com/pc/33e9b4ead3598908a9f2f3054f6e4b34(249x249)/thumb.jpg";0.0;0;7.0;6.9;6.9;0;0
1598;"Empire Chinese Cuisine";"";0.0;0.0;"8251 Alexandra Rd Richmond, BC";0;"";4.0;"0";"http://i1.s1.dpfile.com/pc/fd1a8aabd15ff21592b1500e707f818f(249x249)/thumb.jpg";0.0;0;7.3;7.1;7.1;0;0
1599;"尚品其他面馆";"";0.0;0.0;"1120-8391 Alexandra Rd Richmond BC V6X1C3";604;"";4.0;"0";"http://i1.s1.dpfile.com/pc/d0f0142f72f28e4d769f96dd656a216c(249x249)/thumb.jpg";0.0;0;7.1;7.1;7.1;0;0
1600;"Chef Hung Taiwanese Beef Noodle";"";0.0;0.0;"1560 Marine Drive West Vancouver BC ";0;"";4.0;"0";"http://i1.s1.dpfile.com/pc/469129cf2ad339fbec65fee6c63fc52d(249x249)/thumb.jpg";0.0;0;7.1;6.8;6.8;0;0
1601;"Havana";"";0.0;0.0;"1212 Commercial Dr";0;"";4.0;"0";"http://i1.s1.dpfile.com/pc/7b80d8250547fc42b32a5965b1068c91(249x249)/thumb.jpg";0.0;0;0.0;0.0;0.0;0;0
1602;"Rumpus Room";"";0.0;0.0;"2680 Main St";0;"";4.0;"0";"http://i2.s1.dpfile.com/pc/d412a04bbcc0ceb6891e4fed46b2af47(249x249)/thumb.jpg";0.0;0;0.0;0.0;0.0;0;0
1603;"幸运其他酒家";"";0.0;0.0;"150-11700 Cambie Road, Road";604;"";4.0;"0";"http://i1.s1.dpfile.com/pc/9dd7ec44d00e94e960e0b8b57302f562(249x249)/thumb.jpg";0.0;0;7.4;6.8;6.8;0;0
1604;"East is East";"";0.0;0.0;"4413 Main St";0;"";4.0;"0";"http://i1.s1.dpfile.com/pc/dfed7a3057c6d1d60d111c00ab451c24(249x249)/thumb.jpg";0.0;0;0.0;0.0;0.0;0;0
1605;"New Peace Chinese Restaurant";"";0.0;0.0;"630 Davie St.,Vancouver,British Columbia V6B 2G5,Canada";1;"";3.0;"0";"http://i2.s1.dpfile.com/pc/06e0ae8fd32af724914ba05f5841a47e(249x249)/thumb.jpg";0.0;0;6.7;6.7;6.7;0;0
1606;"Acme Cafe";"";0.0;0.0;"51 W Hastings St";0;"";4.0;"0";"http://i3.s1.dpfile.com/pc/47dffe2dcb8c51540d97eea715c10328(249x249)/thumb.jpg";0.0;0;0.0;0.0;0.0;0;0
1607;"Le Gavroche";"";0.0;0.0;"1616 Alberni St";1;"";4.0;"0";"http://i3.s1.dpfile.com/pc/aa5c2f82c335de8f25ed965777c336dd(249x249)/thumb.jpg";0.0;0;0.0;0.0;0.0;0;0
1608;"Acorn";"";0.0;0.0;"3995 Main St";0;"";4.0;"0";"http://i1.s1.dpfile.com/pc/fa1a72cd771d9f0dcf7feb310cf7730f(249x249)/thumb.jpg";0.0;0;0.0;0.0;0.0;0;0
1609;"Gene Cafe";"";0.0;0.0;"2404 Main St";0;"";4.0;"0";"http://i2.s1.dpfile.com/pc/d412a04bbcc0ceb6891e4fed46b2af47(249x249)/thumb.jpg";0.0;0;0.0;0.0;0.0;0;0
1610;"Observatory";"";0.0;0.0;"Grouse Mountain";1;"";4.0;"0";"http://i1.s1.dpfile.com/pc/9ee187679c4b924b2272025b6131239a(249x249)/thumb.jpg";0.0;0;0.0;0.0;0.0;0;0
1611;"Savary Island Pie Company";"";0.0;0.0;"1533 Marine Dr";0;"";4.0;"0";"http://i2.s1.dpfile.com/pc/3500a6c74322d710b74a190c8af6e21a(249x249)/thumb.jpg";0.0;0;0.0;0.0;0.0;0;0
1612;"Agro Café";"";0.0;0.0;"1363 Railspur Alley";0;"";4.0;"0";"http://i1.s1.dpfile.com/pc/c34c3050270222f48c3979d2313ac63e(249x249)/thumb.jpg";0.0;0;0.0;0.0;0.0;0;0
1613;"Daily Grind Cafe";"";0.0;0.0;"1500 W Georgia St";0;"";4.0;"0";"http://i3.s1.dpfile.com/pc/f20466a42bb7d78e8801977bbaa687b6(249x249)/thumb.jpg";0.0;0;0.0;0.0;0.0;0;0
1614;"Nelson the Seagull";"";0.0;0.0;"315 Carrall St";0;"";4.0;"0";"http://i3.s1.dpfile.com/pc/7676fb5c195e2254d8e664ffd7815ba1(249x249)/thumb.jpg";0.0;0;0.0;0.0;0.0;0;0
1615;"Zakkushi";"";0.0;0.0;"1833 W 4th Ave";0;"";4.0;"0";"http://i1.s1.dpfile.com/pc/2cc7b8fb56b0f1c86c84e20fcb93b633(249x249)/thumb.jpg";0.0;0;0.0;0.0;0.0;0;0
1616;"La Cigale French Bistro";"";0.0;0.0;"1961 W 4th Ave";1;"";4.0;"0";"http://i2.s1.dpfile.com/pc/bff902389ab96492fda21f6664ce3419(249x249)/thumb.jpg";0.0;0;0.0;0.0;0.0;0;0
1617;"Gorilla Food";"";0.0;0.0;"436 Richards St";0;"";4.0;"0";"http://i3.s1.dpfile.com/pc/99b2149a7cfe78bf28aaa7a846c095bd(249x249)/thumb.jpg";0.0;0;0.0;0.0;0.0;0;0
1618;"Carthage Cafe";"";0.0;0.0;"1851 Commercial Dr";0;"";4.0;"0";"http://i2.s1.dpfile.com/pc/315bc42ee27930535cdb8ef4eb963e58(249x249)/thumb.jpg";0.0;0;0.0;0.0;0.0;0;0
1619;"Uprising Breads Bakery Cafe";"";0.0;0.0;"1697 Venables St";0;"";4.0;"0";"http://i2.s1.dpfile.com/pc/b0c88db911e77cc3a38ff3f585cd4e34(249x249)/thumb.jpg";0.0;0;0.0;0.0;0.0;0;0
1620;"Pied-a-Terre";"";0.0;0.0;"3369 Cambia St";1;"";4.0;"0";"http://i2.s1.dpfile.com/pc/59b35e2f1186370893a3ffbc8f7af889(249x249)/thumb.jpg";0.0;0;0.0;0.0;0.0;0;0
1621;"La Mezcaleria";"";0.0;0.0;"1622 Commercial Dr";0;"";4.0;"0";"http://i3.s1.dpfile.com/pc/e210e3d96b0fd912f04d7b7d3ae47ab6(249x249)/thumb.jpg";0.0;0;0.0;0.0;0.0;0;0
1622;"Capers";"";0.0;0.0;"675 Robson St.";1;"";4.0;"0";"http://i2.s1.dpfile.com/pc/ffb12573d27891ad1807a953750702f2(249x249)/thumb.jpg";0.0;0;0.0;0.0;0.0;0;0
1623;"La Taqueria Pinche Taco Shop";"";0.0;0.0;"2549 Cambie St";0;"";4.0;"0";"http://i2.s1.dpfile.com/pc/a6250517428fbb819f811543b54c02e7(249x249)/thumb.jpg";0.0;0;0.0;0.0;0.0;0;0
1624;"Palki Restaurant";"";0.0;0.0;"116 East 15th Street";0;"";4.0;"0";"http://i3.s1.dpfile.com/pc/b5e2fb2ef27335aa1aa43f369741baf2(249x249)/thumb.jpg";0.0;0;0.0;0.0;0.0;0;0
1625;"Cannibal Café";"";0.0;0.0;"1818 Commercial Dr";0;"";4.0;"0";"http://i1.s1.dpfile.com/pc/24743b4388738dc6290a422aca126869(249x249)/thumb.jpg";0.0;0;0.0;0.0;0.0;0;0
1626;"Rainier Provisions";"";0.0;0.0;"2 W Cordova St";0;"";4.0;"0";"http://i2.s1.dpfile.com/pc/0c7ce080190e7966fb3c0d00975b6b91(249x249)/thumb.jpg";0.0;0;0.0;0.0;0.0;0;0
1627;"Posh Charcoal Collaboration Dining";"";0.0;0.0;"3779 Sexsmith Rd, Richmond";0;"";4.0;"0";"http://i1.s1.dpfile.com/pc/8be5b7fd2ac12a5ef0711afd55e098d6(249x249)/thumb.jpg";0.0;0;0.0;0.0;0.0;0;0
1628;"Sweet Cherubim";"";0.0;0.0;"1105 Commercial Dr";0;"";4.0;"0";"http://i3.s1.dpfile.com/pc/8a7be4ffc910eac69bbf96dde166dbba(249x249)/thumb.jpg";0.0;0;0.0;0.0;0.0;0;0
1629;"Maenam";"";0.0;0.0;"1938 W 4th Ave";1;"";4.0;"0";"http://i2.s1.dpfile.com/pc/dfdb66ec0a38ab64b84a5962dc3922cf(249x249)/thumb.jpg";0.0;0;0.0;0.0;0.0;0;0
1630;"Aperture Coffee Bar";"";0.0;0.0;"243 W Broadway";0;"";4.0;"0";"http://i2.s1.dpfile.com/pc/141b9fc63639298f4d66031ce0b22d32(249x249)/thumb.jpg";0.0;0;0.0;0.0;0.0;0;0
1631;"Tap & Barrel";"";0.0;0.0;"1 Athletes Way";0;"";4.0;"0";"http://i3.s1.dpfile.com/pc/9848b9bff538aa0afd6ecb173f46605c(249x249)/thumb.jpg";0.0;0;0.0;0.0;0.0;0;0
1632;"All India Sweets & Restaurant";"";0.0;0.0;"6507 Main St";0;"";4.0;"0";"http://i3.s1.dpfile.com/pc/56de839cc82d1a37b18f5283858d052a(249x249)/thumb.jpg";0.0;0;0.0;0.0;0.0;0;0
1633;"Lumiere";"";0.0;0.0;"2551 West Broadway";1;"";0.0;"0";"http://i1.s1.dpfile.com/pc/4a6141f2911c294ba40d3ccdc3edfcf2(249x249)/thumb.jpg";0.0;0;0.0;0.0;0.0;0;0
1634;"Ouisi Bistro";"";0.0;0.0;"3014 Granville St";0;"";4.0;"0";"http://i3.s1.dpfile.com/pc/4a99a574acf377593952dbb543cae0d7(249x249)/thumb.jpg";0.0;0;0.0;0.0;0.0;0;0
1635;"韩川豆腐锅";"";0.0;0.0;"8328 Capstan Way RichmondBC V6X1R3";0;"";0.0;"0";"http://i3.s1.dpfile.com/pc/fd2a21bea82c7eabaeb7bdff43bea4da(249x249)/thumb.jpg";0.0;0;0.0;0.0;0.0;0;0
1636;"TSUI HANG VILLAGE";"";0.0;0.0;"1193 Granville Street,V6Z1L2,Vancouver BC,Canada";0;"";0.0;"0";"http://i2.s1.dpfile.com/pc/bd93101d027f24a5391b20ef72bfe169(249x249)/thumb.jpg";0.0;0;0.0;0.0;0.0;0;0
1637;"火锅世家";"";0.0;0.0;"3779 Sexsmith Road,Richmond";604;"";0.0;"0";"http://i2.s1.dpfile.com/pc/90bdf37b2d7ab4630dab0474bcc40a99(249x249)/thumb.jpg";0.0;0;0.0;0.0;0.0;0;0
1638;"Campagnolo";"";0.0;0.0;"1020 Main St";0;"";4.0;"0";"http://i3.s1.dpfile.com/pc/72eb26fefc4fc80c9e613e8a6fe2ff8d(249x249)/thumb.jpg";0.0;0;0.0;0.0;0.0;0;0
1639;"胖娃京川菜馆";"";0.0;0.0;"8328 Capstan Way Richmond,BC V6X";0;"";0.0;"0";"http://i1.s1.dpfile.com/pc/ad061edeb5d5e360101a6e4dfff030c7(249x249)/thumb.jpg";0.0;0;0.0;0.0;0.0;0;0
1640;"Steveston Seafood House";"";0.0;0.0;"3951 Moncton St, Richmond, BC";1;"";0.0;"0";"http://i3.s1.dpfile.com/pc/3fddb6e98ddd1fb0c7bf6f7727b4f12d(249x249)/thumb.jpg";0.0;0;0.0;0.0;0.0;0;0
1641;"重庆秦妈火锅";"";0.0;0.0;"8080 Leslie Rd,Richmond,BC V6X 4A8";0;"";0.0;"0";"http://i2.s1.dpfile.com/pc/ea8025994f6a92f2450f3e48d3b0e9aa(249x249)/thumb.jpg";0.0;0;0.0;0.0;0.0;0;0
1642;"Rain flower Restaurant";"";0.0;0.0;"3600 No.3 Road, Richmond (Canadian Tire旁)";0;"";0.0;"0";"http://i1.s1.dpfile.com/pc/9e8ffdcd4b1eb38b4d3f1105b1c90f2c(249x249)/thumb.jpg";0.0;0;0.0;0.0;0.0;0;0
1643;"白石海滨风景区北京饭店";"";0.0;0.0;"15057 Marine Dr,White Rock,BC V4B 1C5";0;"";0.0;"0";"http://i3.s1.dpfile.com/pc/75a40dfeb70e5145d6dcfa006625cb72(249x249)/thumb.jpg";0.0;0;0.0;0.0;0.0;0;0
1644;"味藏 Aji-Kura Ramen & Sushi";"";0.0;0.0;"5857 Victoria Dr Vancouver,BC V5P3W5";0;"";0.0;"0";"http://i1.s1.dpfile.com/pc/d76f8b82c519ef96458091e0df081091(249x249)/thumb.jpg";0.0;0;0.0;0.0;0.0;0;0
1645;"香香妞川菜私房料理";"";0.0;0.0;"8888 Odlin Cre,Richmond";0;"";0.0;"0";"http://i1.s1.dpfile.com/pc/b82c4567046227f498a96f17a5b247ba(249x249)/thumb.jpg";0.0;0;0.0;0.0;0.0;0;0
1646;"No Frills";"";0.0;0.0;"1030 Denman St";1;"";4.0;"0";"http://i1.s1.dpfile.com/pc/0ac5459b9f7409093b47420962b76388(249x249)/thumb.jpg";0.0;0;0.0;0.0;0.0;0;0
1647;"原烧Posh";"";0.0;0.0;"6462 Kingsway Burnaby, BC V5E 1E1";0;"";0.0;"0";"http://i2.s1.dpfile.com/pc/25ccb05116f2364490fb2a3fbf2eea4b(249x249)/thumb.jpg";0.0;0;0.0;0.0;0.0;0;0
1648;"北京小吃街";"";0.0;0.0;"列治文大统华超市二楼FoodCourt(时代坊北门马路对面)";0;"";3.0;"1";"http://i3.s1.dpfile.com/pc/631d11bd76efbb5fc4cda8ed82b9897d(249x249)/thumb.jpg";0.0;0;6.9;6.7;6.7;0;0
1649;"Miku Restaurant";"";0.0;0.0;"Canada Pl, Vancouver, BC V6C";1;"";4.0;"0";"http://i1.s1.dpfile.com/pc/2b745f1429805281541d76c04a7b07f1(249x249)/thumb.jpg";0.0;0;7.7;8.1;8.1;0;0
1650;"半岛公馆";"";0.0;0.0;"140 - 650 W. 41st Ave.Oakridge Centre";604;"";4.0;"1";"http://i3.s1.dpfile.com/pc/7fc25b717360fe318fcffc673a94889e(249x249)/thumb.jpg";0.0;0;7.5;7.6;7.6;0;0
1651;"The KEG";"";0.0;0.0;"grandvill island";0;"";4.0;"4";"http://i1.s1.dpfile.com/pc/4232fec29be8376451dc705f24b22ca2(249x249)/thumb.jpg";0.0;0;7.4;7.4;7.4;0;0
1652;"海港大酒楼";"";0.0;0.0;"8888 River Road, Richmond(River Rock)";604;"";4.0;"1";"http://i2.s1.dpfile.com/pc/a9ab6a3c68882c2e03f7fbeafda5cbfa(249x249)/thumb.jpg";0.0;0;8.1;8.2;8.2;0;0
1653;"重庆刘一手火锅";"";0.0;0.0;"150-4731 Garden city Rd.Richmond BC";604;"";4.0;"0";"http://i1.s1.dpfile.com/pc/ebfddf609c0d7664ebc862d386771735(249x249)/thumb.jpg";0.0;0;7.5;7.5;7.5;0;0
1654;"九记";"";0.0;0.0;"812-5300 Landowne Center No 3 Road";1;"";4.0;"0";"http://i1.s1.dpfile.com/pc/522cfff1b7617cf224451ab5a044e02a(249x249)/thumb.jpg";0.0;0;7.3;6.8;6.8;0;0
1655;"The Fish Shack";"";0.0;0.0;"****1026, Granville St. Vancouver, BC";1;"";4.0;"0";"http://i2.s1.dpfile.com/pc/008f049260a4c3ff7c01527cbd3a4460(249x249)/thumb.jpg";0.0;0;8.0;8.1;8.1;0;0
1656;"上海一只鼎";"";0.0;0.0;"8100 Ackroyd Road, Richmond";604;"";4.0;"1";"http://i1.s1.dpfile.com/pc/0f6e5ff2724ecd3936e614b8b068f0bc(249x249)/thumb.jpg";0.0;0;8.1;7.4;7.4;0;0
1657;"新瑞华其他酒家(Richmond总店)";"";0.0;0.0;"加拿大温哥华#102-4940 No.3 Road";1;"";4.0;"0";"http://i2.s1.dpfile.com/pc/72bbf706659ad433f9840140a8bb763e(249x249)/thumb.jpg";0.0;0;8.3;8.0;8.0;0;0
1658;"Shuraku Sake Bar & Bistro";"";0.0;0.0;"833 Granville St., Vancouver, British Columbia, Canada (Downtown)(Robson Street)";604;"";4.5;"0";"http://i3.s1.dpfile.com/pc/1d9addf50f9c2e46d26953a21b27c1c8(249x249)/thumb.jpg";0.0;0;0.0;0.0;0.0;0;0
1659;"Joe Fortes Seafood & Chop House";"";0.0;0.0;"777 Thurlow St,Vancouver,BC V6E 3V5加拿大";1;"";4.0;"0";"http://i3.s1.dpfile.com/pc/2b7a6c4b4a8b5e7d5c04eb9a60fcb5c1(249x249)/thumb.jpg";0.0;0;8.0;8.0;8.0;0;0
1660;"japadog";"";0.0;0.0;"Burrard & Smithe ";0;"";4.0;"0";"http://i2.s1.dpfile.com/pc/083b5747b4b15b5f52f4da5d7759530d(249x249)/thumb.jpg";0.0;0;8.2;6.8;6.8;0;0
1661;"Cafe Crepe";"";0.0;0.0;"1032 Robson St, Vancouver, British Columbia V6E 1A7, Canada (Downtown)";1;"";4.5;"0";"http://i2.s1.dpfile.com/pc/803eae6c1f08d64ed735e6001b5349d2(249x249)/thumb.jpg";0.0;0;0.0;0.0;0.0;0;0
1662;"Lupo Restaurant";"";0.0;0.0;"869 Hamilton St, Vancouver, British Columbia V6B 2R7, Canada(Between Robson & Smithe)";604569;"";4.5;"0";"http://i2.s1.dpfile.com/pc/0e308c91ed6e4addf4c593cbccf726ff(249x249)/thumb.jpg";0.0;0;0.0;0.0;0.0;0;0
1663;"Nook";"";0.0;0.0;"781 Denman Street, Vancouver, British Columbia V6G 2L6 , Canada (Downtown)";604568;"";4.5;"0";"http://i3.s1.dpfile.com/pc/0619021969aa97a0144906898096e66d(249x249)/thumb.jpg";0.0;0;0.0;0.0;0.0;0;0
1664;"Acacia Fillo Bar";"";0.0;0.0;"1103 Denman Street, Vancouver, British Columbia, Canada (Downtown)";604;"";4.5;"0";"http://i1.s1.dpfile.com/pc/b57184b264b0e11a43fbaf3fba457f40(249x249)/thumb.jpg";0.0;0;0.0;0.0;0.0;0;0
1665;"Guu with Garlic";"";0.0;0.0;"1689 Robson St";0;"";4.0;"0";"http://i3.s1.dpfile.com/pc/d89d4b9375bd1ecd8c967a483387d90b(249x249)/thumb.jpg";0.0;0;0.0;0.0;0.0;0;0
1666;"Milestones";"";0.0;0.0;"2425 Cambie StVancouver BC Canada";1;"";0.0;"0";"http://i3.s1.dpfile.com/pc/81bbd972062c4b07299da754bfe0c9e6(249x249)/thumb.jpg";0.0;0;0.0;0.0;0.0;0;0
1667;"U & I Thai Restaurant";"";0.0;0.0;"3364 Cambie Street, Vancouver, British Columbia V5Z 2W5, Canada(between 17th and 18th Ave)";0;"";4.5;"0";"http://i2.s1.dpfile.com/pc/68430a21dcdafbc97646ea73776c6d71(249x249)/thumb.jpg";0.0;0;0.0;0.0;0.0;0;0
1668;"The Sandbar Seafood Restaurant";"";0.0;0.0;"1535 Johnston Street (Granville Island), Vancouver, British Columbia, V6H 3R9, Canada";1;"";4.5;"0";"http://i1.s1.dpfile.com/pc/8887d3c4db821fb385e852e6fd5b7168(249x249)/thumb.jpg";0.0;0;0.0;0.0;0.0;0;0
1669;"Tacofino Commissary";"";0.0;0.0;"2327 East Hastings Street, Vancouver, British Columbia, Canada";0;"";4.5;"0";"http://i1.s1.dpfile.com/pc/bc17bc64cbbb13172e299b7304cc90f1(249x249)/thumb.jpg";0.0;0;0.0;0.0;0.0;0;0
1670;"蓉城饭莊";"";0.0;0.0;"4409 west 10th Avenue ,Vancouver Bc";1;"";3.0;"0";"http://i3.s1.dpfile.com/pc/c4abd2030872e49ece6ec96ee7941053(249x249)/thumb.jpg";0.0;0;6.7;6.7;6.7;0;0
1671;"Espana";"";0.0;0.0;"1118 Denman St";0;"";4.0;"0";"http://i3.s1.dpfile.com/pc/b69ba379f53fe2d0267d422d877c6b94(249x249)/thumb.jpg";0.0;0;0.0;0.0;0.0;0;0
1672;"Judas Goat Taberna";"";0.0;0.0;"27 Blood Alley";0;"";4.0;"0";"http://i3.s1.dpfile.com/pc/6ccd8771ef42c936c3e7fb3d3f6fcb55(249x249)/thumb.jpg";0.0;0;0.0;0.0;0.0;0;0
1673;"The Flying Pig";"";0.0;0.0;"102 Water St, Vancouver, British Columbia V6B 1B2, Canada";1;"";4.5;"0";"http://i1.s1.dpfile.com/pc/a814914cb75b623af6a991be5d33bb5c(249x249)/thumb.jpg";0.0;0;0.0;0.0;0.0;0;0
1674;"Commune Cafe";"";0.0;0.0;"1002 Seymour St";0;"";4.0;"0";"http://i3.s1.dpfile.com/pc/98e426a56d225f1353f5d4006c28137e(249x249)/thumb.jpg";0.0;0;0.0;0.0;0.0;0;0
1675;"Foundation";"";0.0;0.0;"2301 Main St";0;"";4.0;"0";"http://i3.s1.dpfile.com/pc/1c341e0e55690dc7490b98d339062179(249x249)/thumb.jpg";0.0;0;0.0;0.0;0.0;0;0
1676;"Holy Trinity Ukrainian Orthodox Church";"";0.0;0.0;"154 East 10th Ave";0;"";4.0;"0";"http://i3.s1.dpfile.com/pc/b91104b81bc054f36d39ff831df798f6(249x249)/thumb.jpg";0.0;0;0.0;0.0;0.0;0;0
1677;"Heirloom Vegetarian";"";0.0;0.0;"1509 W 12th Ave";0;"";4.0;"0";"http://i2.s1.dpfile.com/pc/8b2f06add335d67e037ef7463af5fdcf(249x249)/thumb.jpg";0.0;0;0.0;0.0;0.0;0;0
1678;"Six Acres";"";0.0;0.0;"203 Carrall St";1;"";4.0;"0";"http://i2.s1.dpfile.com/pc/5ef8729055b091a34914a165cb11b512(249x249)/thumb.jpg";0.0;0;0.0;0.0;0.0;0;0
1679;"Burgoo Bistro";"";0.0;0.0;"3 Lonsdale Ave";0;"";4.0;"0";"http://i3.s1.dpfile.com/pc/5fcde033d3e00efc12e849cc9604569e(249x249)/thumb.jpg";0.0;0;0.0;0.0;0.0;0;0
1680;"Sea Monstr Sushi";"";0.0;0.0;"55 Powell St";0;"";4.0;"0";"http://i3.s1.dpfile.com/pc/8065d2b4017d5f5487a1328cfc2c46b2(249x249)/thumb.jpg";0.0;0;0.0;0.0;0.0;0;0
1681;"Hawkers Delight";"";0.0;0.0;"4127 Main St";0;"";4.0;"0";"http://i3.s1.dpfile.com/pc/25b3260b0692dc9354bb3812b7fb902e(249x249)/thumb.jpg";0.0;0;0.0;0.0;0.0;0;0
1682;"Il Nido";"";0.0;0.0;"780 Thurlow St";0;"";4.0;"0";"http://i2.s1.dpfile.com/pc/27868eb416c39c900bfb71213419c1b1(249x249)/thumb.jpg";0.0;0;0.0;0.0;0.0;0;0
1683;"Dutch Wooden Shoe Cafe";"";0.0;0.0;"3292 Cambie St";1;"";4.0;"0";"http://i2.s1.dpfile.com/pc/eaba8500b56fb483a5c42dd238553e5e(249x249)/thumb.jpg";0.0;0;0.0;0.0;0.0;0;0
1684;"Yopo Cafe";"";0.0;0.0;"1122 Homer St";0;"";4.0;"0";"http://i3.s1.dpfile.com/pc/1a090a193245b9d6cbd91a59ee325f82(249x249)/thumb.jpg";0.0;0;0.0;0.0;0.0;0;0
1685;"Café Calabria";"";0.0;0.0;"1745 Commercial Dr";0;"";4.0;"0";"http://i1.s1.dpfile.com/pc/69a4d146464b06a232c0e846e6935af3(249x249)/thumb.jpg";0.0;0;0.0;0.0;0.0;0;0
1686;"Fraîche";"";0.0;0.0;"2240 Chippendale Rd";1;"";4.0;"0";"http://i2.s1.dpfile.com/pc/4c5e4c78429c80df89eabf7b47862809(249x249)/thumb.jpg";0.0;0;0.0;0.0;0.0;0;0
1687;"Moderne Burger";"";0.0;0.0;"2507 W Broadway";0;"";4.0;"0";"http://i3.s1.dpfile.com/pc/a29a73dd4c72318c7896039ae686ed32(249x249)/thumb.jpg";0.0;0;0.0;0.0;0.0;0;0
1688;"Wildebeest";"";0.0;0.0;"120 W Hastings St";0;"";4.0;"0";"http://i1.s1.dpfile.com/pc/211bd91b6d34264e72da64ac6d50057b(249x249)/thumb.jpg";0.0;0;0.0;0.0;0.0;0;0
1689;"Noodle Box";"";0.0;0.0;"1867 W 4th Ave";0;"";4.0;"0";"http://i1.s1.dpfile.com/pc/73fb16e929b916dee0635f960d4454eb(249x249)/thumb.jpg";0.0;0;0.0;0.0;0.0;0;0
1690;"Sushi Mart";"";0.0;0.0;"1686 Robson St";0;"";4.0;"0";"http://i2.s1.dpfile.com/pc/18faf553e34e11e4941a28a54336fd1c(249x249)/thumb.jpg";0.0;0;0.0;0.0;0.0;0;0
1691;"Belgian Fries";"";0.0;0.0;"1185 Commercial Dr";0;"";4.0;"0";"http://i1.s1.dpfile.com/pc/e09de1168f277c9f7b98b1f7bfc75166(249x249)/thumb.jpg";0.0;0;0.0;0.0;0.0;0;0
1692;"Public Market Food Court";"";0.0;0.0;"1661 Duranleau St";0;"";4.0;"0";"http://i3.s1.dpfile.com/pc/971f0e47a0571a11518bdcc488a23c94(249x249)/thumb.jpg";0.0;0;0.0;0.0;0.0;0;0
1693;"Reef";"";0.0;0.0;"1018 Commercial Dr";0;"";4.0;"0";"http://i3.s1.dpfile.com/pc/cb6c7a7df89bf9d51887c203f8dd3f6c(249x249)/thumb.jpg";0.0;0;0.0;0.0;0.0;0;0
1694;"Burgoo Bistro";"";0.0;0.0;"3096 Main St";0;"";4.0;"0";"http://i2.s1.dpfile.com/pc/dac05a3ead234e7bcea72a788d178dee(249x249)/thumb.jpg";0.0;0;0.0;0.0;0.0;0;0
1695;"Beaucoup Bakery & Cafe";"";0.0;0.0;"2150 Fir St";0;"";4.0;"0";"http://i3.s1.dpfile.com/pc/da780b466754d73690401ef562783d7d(249x249)/thumb.jpg";0.0;0;0.0;0.0;0.0;0;0
1696;"Boneta";"";0.0;0.0;"12 Water St";1;"";4.0;"0";"http://i3.s1.dpfile.com/pc/cbc26e4bc4044ee28c4c49c6076016f9(249x249)/thumb.jpg";0.0;0;0.0;0.0;0.0;0;0
1697;"老四川";"";0.0;0.0;"No. 3631 No.3 Rd, Richmond (近八佰伴)";1;"";4.0;"0";"http://j3.s2.dpfile.com/s/c/app/shop/i/shop/no-photo-v2.cb489b6dc9f2efe05219ddb61bde98a8.png";0.0;0;7.5;7.5;7.5;0;0
1698;"金百乐其他酒家";"";0.0;0.0;"8071 Park Rd";604;"";4.0;"0";"http://i1.s1.dpfile.com/pc/e7d3a4c986971d4e9711f710b1516813(249x249)/thumb.jpg";0.0;0;8.3;8.2;8.2;0;0
1699;"赵记汤馆";"";0.0;0.0;"8511 Alexandra road,Richmond";0;"";3.0;"1";"http://i2.s1.dpfile.com/pc/2ece341111e3f9d351683c9e5356ffa0(249x249)/thumb.jpg";0.0;0;7.4;6.9;6.9;0;0
1700;"Gotham";"";0.0;0.0;"615 seymour street, Vancouver";604;"";4.0;"4";"http://i1.s1.dpfile.com/pc/fc2f6298a573e94c96a356147ee1ca63(249x249)/thumb.jpg";0.0;0;8.4;8.4;8.4;0;0
1701;"王记-台湾牛肉面";"";0.0;0.0;"8450 Granville St Vancouver, BC V6P";0;"";4.0;"0";"http://i2.s1.dpfile.com/pc/b2636764d551024a1919a3df20bb1219(249x249)/thumb.jpg";0.0;0;7.1;6.8;6.8;0;0
1702;"串香居烧烤";"";0.0;0.0;"3399 Kingsway,Vancouver BC CanadaV5R 5K6";0;"";4.0;"0";"http://i1.s1.dpfile.com/pc/6fe8465a9389ab28ccf3364da7b4c48a(249x249)/thumb.jpg";0.0;0;7.5;7.0;7.0;0;0
1703;"樱茶屋 Blossom Teas";"";0.0;0.0;"23-7198 Barnet Road, Burnaby(SFU西门菲莎大学)";1;"";4.0;"4";"http://i1.s1.dpfile.com/pc/0ff0439b6dd0c75e7036502d2121010e(249x249)/thumb.jpg";0.0;0;7.4;7.1;7.1;0;0
1704;"Caffe Artigiano";"";0.0;0.0;"740 W Hastings St, Vancouver, BC V6B 1N9";1;"";4.0;"0";"http://i1.s1.dpfile.com/pc/6168b07e216523903c8253858ebccb6b(249x249)/thumb.jpg";0.0;0;8.3;8.1;8.1;0;0
1705;"Pho Khang Vietnamese Restaurant";"";0.0;0.0;"206 - 6551 No.3 Road, Richmond, BC, Canada.(列治文三号路夹威廉姆斯路口，加油站南走50米，KFC隔壁)";0;"";4.0;"1";"http://i3.s1.dpfile.com/pc/1a3e79206e5d8e3b757b21db27e98399(249x249)/thumb.jpg";0.0;0;7.1;7.1;7.1;0;0
1706;"Kingyo";"";0.0;0.0;"871 Denman Street, Vancouver, British Columbia, Canada";1;"";4.0;"0";"http://i1.s1.dpfile.com/pc/88a293dde85c1ac6ad70208d8254827b(249x249)/thumb.jpg";0.0;0;8.2;7.3;7.3;0;0
1707;"Teahouse in Stanley Park";"";0.0;0.0;"7501 Stanley Park Drive, Vancouver, British Columbia V6G3E2, Canada(Third Beach)";604;"";4.0;"0";"http://i3.s1.dpfile.com/pc/3fb7b043946245eb5fbe2212ce1f50a8(249x249)/thumb.jpg";0.0;0;7.5;8.5;8.5;0;0
1708;"Cin Cin Ristorante + Bar";"";0.0;0.0;"1154 Robson St, Vancouver, British Columbia V6E 1B2, Canada";1;"";3.0;"4";"http://i3.s1.dpfile.com/pc/5f0f8268f7f5b37c0742346dd30a84f0(249x249)/thumb.jpg";0.0;0;6.6;6.8;6.8;0;0
1709;"北京饭店";"";0.0;0.0;"865 Hornby Street";1;"";3.0;"0";"http://i2.s1.dpfile.com/pc/baea57013a38f03de74fde095cf04626(249x249)/thumb.jpg";0.0;0;7.1;6.8;6.8;0;0
1710;"Fratelli Baking";"";0.0;0.0;"1795 Commercial Dr";1;"";4.0;"0";"http://i1.s1.dpfile.com/pc/7a384fda6930135343b02c82549bf943(249x249)/thumb.jpg";0.0;0;0.0;0.0;0.0;0;0
1711;"Blue Water Cafe + Raw Bar";"";0.0;0.0;"1095 Hamilton St,Vancouver,BC V6B 5T4加拿大";604;"";3.0;"4";"http://i1.s1.dpfile.com/pc/a79695c335f72dfe55fb2461583c4e11(249x249)/thumb.jpg";0.0;0;7.1;6.5;6.5;0;0
1712;"Gallery Café";"";0.0;0.0;"750 Hornby St";0;"";4.0;"0";"http://i3.s1.dpfile.com/pc/6c44e3ddcc554e2a1c2a794f660e0e59(249x249)/thumb.jpg";0.0;0;8.4;8.4;8.4;0;0
1713;"Thomas Haas Patisserie";"";0.0;0.0;"128-998 Harbourside Drive, North Vancouver";0;"";4.0;"4";"http://i3.s1.dpfile.com/pc/037fc65979a3915748e980612c4a67e4(249x249)/thumb.jpg";0.0;0;8.4;8.4;8.4;0;0
1714;"Top of Vancouver";"";0.0;0.0;"555 west hastings street,vancouver,canada";1;"";4.0;"4";"http://i2.s1.dpfile.com/pc/d8e2d8af560b5008a23e9e541e341b4e(249x249)/thumb.jpg";0.0;0;7.4;7.9;7.9;0;0
1715;"Yew Seafood + Bar";"";0.0;0.0;"Four Seasons Hotel Vancouver | 791 West Georgia Street, Vancouver, British Columbia V6C 2T4, Canada (Formerly Yew Restaurant + Bar)(Downtown)(Howe & West Georgia)";604;"";4.0;"0";"http://i2.s1.dpfile.com/pc/876fb9f84b2cf979619eb20c5e663b42(249x249)/thumb.jpg";0.0;0;8.4;8.4;8.4;0;0
1716;"Kim House Japanese Bis";"";0.0;0.0;"538 SEYMOUR ST.VANCOUVER,CANADA";0;"";4.0;"1";"http://i1.s1.dpfile.com/pc/554a6c973845a3a84f002a8e43b16940(249x249)/thumb.jpg";0.0;0;7.4;7.4;7.4;0;0
1717;"Le Crocodile Restaurant";"";0.0;0.0;"909 Burrard Street #100, Vancouver, BC, Canada";1;"";4.0;"0";"http://i1.s1.dpfile.com/pc/84d043830bb1dfea5328ae30fe3bae22(249x249)/thumb.jpg";0.0;0;8.4;8.4;8.4;0;0
1718;"虎连坊";"";0.0;0.0;"8191 Park Rd, Richmond";604;"";4.0;"6";"http://i2.s1.dpfile.com/pc/59bb72c599fe4252ad2651f4cab22b03(249x249)/thumb.jpg";0.0;0;7.0;6.9;6.9;0;0
1719;"Sun Sui Wah Seafood Restaurant";"";0.0;0.0;"3888 Main St";0;"";4.0;"0";"http://i1.s1.dpfile.com/pc/8b96683ee460a1c13292ede9a110ba35(249x249)/thumb.jpg";0.0;0;0.0;0.0;0.0;0;0
1720;"Pho Queen Restaurant";"";0.0;0.0;"列治文新城市广场（Capstan Way 靠近 No.3 Road）(八佰伴和Canadian Tire东侧 )";0;"";3.0;"1";"http://i1.s1.dpfile.com/pc/f331dd5ecf034ac5c1f0fad3ebfab241(249x249)/thumb.jpg";0.0;0;6.9;6.9;6.9;0;0
1721;"French Made Baking";"";0.0;0.0;"81 Kingsway";0;"";4.0;"0";"http://i2.s1.dpfile.com/pc/47b4291eda2b1e6cd9c67c496ee27e0e(249x249)/thumb.jpg";0.0;0;0.0;0.0;0.0;0;0
1722;"Glowbal Grill Steak & Satay";"";0.0;0.0;"1079 Mainland St";1;"";4.0;"0";"http://i3.s1.dpfile.com/pc/e5a43e25afb1020f776864e8480b56e9(249x249)/thumb.jpg";0.0;0;0.0;0.0;0.0;0;0
1723;"上海金典";"";0.0;0.0;"2170-8788 Mckim Way, Richmond";778;"";3.0;"0";"http://i2.s1.dpfile.com/pc/04b62fcfc88344cf40a25edff5e2682a(249x249)/thumb.jpg";0.0;0;7.0;7.0;7.0;0;0
1724;"Rangoli";"";0.0;0.0;"1488 W 11th Ave";0;"";4.0;"0";"http://i3.s1.dpfile.com/pc/df2264df2901c7d4dfbd047c57bacca2(249x249)/thumb.jpg";0.0;0;0.0;0.0;0.0;0;0
1725;"Tomahawk Restaurant";"";0.0;0.0;"1550 Philip Ave";0;"";4.0;"0";"http://i1.s1.dpfile.com/pc/3468d78b17a51c69347b2a85bcf7f40c(249x249)/thumb.jpg";0.0;0;0.0;0.0;0.0;0;0
1726;"Argo Cafe";"";0.0;0.0;"1836 Ontario St";0;"";4.0;"0";"http://i1.s1.dpfile.com/pc/31e9c1a74d3a59d10a69d6f0e5880f1f(249x249)/thumb.jpg";0.0;0;0.0;0.0;0.0;0;0
1727;"VANVAN JANPANSES TAPAS IZAKAYA";"";0.0;0.0;"1333 ROBSON ST. VANCOUVER BC V6E 1C6(Robson购物街中心位置，靠近太平洋中心)";1;"";4.5;"0";"http://i1.s1.dpfile.com/pc/9b0e12770e7cab8a3ee37dde5f3a6abf(249x249)/thumb.jpg";0.0;0;8.4;8.4;8.4;0;0
1728;"Chutney Villa";"";0.0;0.0;"147 E Broadway";0;"";4.0;"0";"http://i3.s1.dpfile.com/pc/0ff0f1b5b5acc204c684503b53b72d72(249x249)/thumb.jpg";0.0;0;0.0;0.0;0.0;0;0
1729;"Raincity Grill";"";0.0;0.0;"1193 Denman St";1;"";4.0;"0";"http://i2.s1.dpfile.com/pc/2c25479f14971eba15568673fa5930f1(249x249)/thumb.jpg";0.0;0;0.0;0.0;0.0;0;0
1730;"Save On Meats";"";0.0;0.0;"43 W Hastings St";0;"";4.0;"0";"http://i2.s1.dpfile.com/pc/99fa050bf97ae7801147dd96e9d47367(249x249)/thumb.jpg";0.0;0;0.0;0.0;0.0;0;0
1731;"Motomachi Shokudo";"";0.0;0.0;"740 Denman St";0;"";4.0;"0";"http://i1.s1.dpfile.com/pc/f8e0b0eb35465a7ded9679616d7110b6(249x249)/thumb.jpg";0.0;0;0.0;0.0;0.0;0;0
1732;"Toshi Sushi";"";0.0;0.0;"181 E 16th Ave";0;"";4.0;"0";"http://i2.s1.dpfile.com/pc/e4a9eb71d741f28505097aa42c26b032(249x249)/thumb.jpg";0.0;0;0.0;0.0;0.0;0;0
1733;"Prophouse Cafe";"";0.0;0.0;"1636 Venables St";0;"";4.0;"0";"http://i2.s1.dpfile.com/pc/11e4cf87819ce1cfdc590b00b08194b0(249x249)/thumb.jpg";0.0;0;0.0;0.0;0.0;0;0
1734;"Benton Brothers Fine Cheese";"";0.0;0.0;"3423 Cambie St";0;"";4.0;"0";"http://i3.s1.dpfile.com/pc/3300df3aeb6d7bde53aee7af304aa046(249x249)/thumb.jpg";0.0;0;0.0;0.0;0.0;0;0
1735;"La Casa Gelato";"";0.0;0.0;"1033 Venables St";0;"";4.0;"0";"http://i1.s1.dpfile.com/pc/86d3880c896263acafe9f1b0434f456a(249x249)/thumb.jpg";0.0;0;0.0;0.0;0.0;0;0
1736;"Cartems Donuterie";"";0.0;0.0;"408 Carrall St";0;"";4.0;"0";"http://i1.s1.dpfile.com/pc/5fd30cc5d25fc89790e95f7e82b271b0(249x249)/thumb.jpg";0.0;0;0.0;0.0;0.0;0;0
1737;"Provence Marinaside";"";0.0;0.0;"1177 Marinaside Crescent";0;"";4.0;"0";"http://i3.s1.dpfile.com/pc/dde9a7cb7a307edea49e33ecce7c76ad(249x249)/thumb.jpg";0.0;0;0.0;0.0;0.0;0;0
1738;"Zero One Sushi";"";0.0;0.0;"559 W Pender St";0;"";4.0;"0";"http://i1.s1.dpfile.com/pc/7847b295dcfa992d9c5cda6cefff69b0(249x249)/thumb.jpg";0.0;0;0.0;0.0;0.0;0;0
1739;"Salmon House on the Hill";"";0.0;0.0;"2229 Folkestone Way";1;"";4.0;"0";"http://i1.s1.dpfile.com/pc/785624a5131c583de1ba7127b8b94bff(249x249)/thumb.jpg";0.0;0;0.0;0.0;0.0;0;0
1740;"Serano Greek Pastry";"";0.0;0.0;"3185 W Broadway";0;"";4.0;"0";"http://i1.s1.dpfile.com/pc/74ed374c54369a999751eb27d0d9c951(249x249)/thumb.jpg";0.0;0;0.0;0.0;0.0;0;0
1741;"Tera V Burger";"";0.0;0.0;"2961 W Broadway";0;"";4.0;"0";"http://i2.s1.dpfile.com/pc/a793b456ac749c6ab968d8f12b5ef1a0(249x249)/thumb.jpg";0.0;0;0.0;0.0;0.0;0;0
1742;"Flying Pig";"";0.0;0.0;"1168 Hamilton St";0;"";4.0;"0";"http://i2.s1.dpfile.com/pc/e640f215aa1bf8ffe8949a92be6dfe03(249x249)/thumb.jpg";0.0;0;0.0;0.0;0.0;0;0
1743;"聚湘村";"";0.0;0.0;"4600 No 3 Road RichmondBC V6X4E8";0;"";4.0;"0";"http://i3.s1.dpfile.com/pc/d54220337e9577129f18b125e912b91b(249x249)/thumb.jpg";0.0;0;8.2;8.2;8.2;0;0
1744;"西湖其他酒家";"";0.0;0.0;"4989 Victoria Dr";0;"";4.0;"0";"http://i3.s1.dpfile.com/pc/7d920bd73f30b9df1ca1a84e5c5638dc(249x249)/thumb.jpg";0.0;0;7.5;7.3;7.3;0;0
1745;"KITA NO DONBURI";"";0.0;0.0;"423 Seymour St.Vancouver B.C";0;"";4.0;"0";"http://i2.s1.dpfile.com/pc/6430c55b3fcb5c6dc83cc775cd450de8(249x249)/thumb.jpg";0.0;0;7.1;7.1;7.1;0;0
1746;"嘉好其他美食之家";"";0.0;0.0;"3415 Kingsway, Vancouver, BC, V5R5L3";0;"";4.0;"1";"http://i1.s1.dpfile.com/pc/b6f66e9f897cac22cef204d6381e997a(249x249)/thumb.jpg";0.0;0;7.1;6.9;6.9;0;0
1747;"Hakkasan Contemporary Chinese Restaurant";"";0.0;0.0;"2188 No 5 Rd, Richmond";0;"";4.0;"0";"http://i1.s1.dpfile.com/pc/547330c7cc68ee14f9298d0b604dc6e2(249x249)/thumb.jpg";0.0;0;0.0;0.0;0.0;0;0
1748;"Phnom Penh Restaurant";"";0.0;0.0;"244 Georgia St E, Vancouver, British Columbia, Canada";1;"";4.0;"0";"http://i1.s1.dpfile.com/pc/02560e16db89430f0b2a9f24c7c1dc81(249x249)/thumb.jpg";0.0;0;7.2;6.7;6.7;0;0
1749;"Bridges";"";0.0;0.0;"1696 Duranleau St";0;"";4.0;"0";"http://i2.s1.dpfile.com/pc/daa42149bdded6e15d29b42c1946b699(249x249)/thumb.jpg";0.0;0;0.0;0.0;0.0;0;0
1750;"汉记面家";"";0.0;0.0;"1339 Robson Street";1;"";3.0;"0";"http://i1.s1.dpfile.com/pc/5823da83180c210fd8edcab24cc7ee81(249x249)/thumb.jpg";0.0;0;5.3;5.9;5.9;0;0
1751;"大可以";"";0.0;0.0;"1060 - 8580 Alexandra Rd Richmond BC V6X4B3";604;"";4.0;"1";"http://i2.s1.dpfile.com/pc/bd93101d027f24a5391b20ef72bfe169(249x249)/thumb.jpg";0.0;0;7.0;7.0;7.0;0;0
1752;"Ramen Santouka";"";0.0;0.0;"Sasaki Bldg 1F, 348-3 | 1jo-Dori 8 Chome, Vancouver, British Columbia 070-0031, Canada";166;"";4.0;"0";"http://i2.s1.dpfile.com/pc/aebeeffc2255e62e567d87931514789d(249x249)/thumb.jpg";0.0;0;7.1;7.5;7.5;0;0
1753;"Waves Coffee House";"";0.0;0.0;"492 W.Hastings St.Vancouver,B.C.V6B,1 L1";1;"";4.0;"4";"http://i1.s1.dpfile.com/pc/46593a32365adc785025ca1bab68ea09(249x249)/thumb.jpg";0.0;0;7.9;7.9;7.9;0;0
1754;"蝶恋花中西餐厅";"";0.0;0.0;"#501B North Road, Coquitlam BC Canada V3J 1N7";1;"";4.0;"4";"http://i3.s1.dpfile.com/pc/31f1217b4c103a75604b4a4e2712231d(249x249)/thumb.jpg";0.0;0;7.1;7.1;7.1;0;0
1755;"Meat & Bread";"";0.0;0.0;"370 Cambie Street Vancouver, British Columbia | Hastings, Vancouver, British Columbia, Canada";0;"";4.5;"0";"http://i3.s1.dpfile.com/pc/e95d4980f13ef5d0671a4d7b48a32f84(249x249)/thumb.jpg";0.0;0;0.0;0.0;0.0;0;0
1756;"SURA Korean BBQ";"";0.0;0.0;"4151 Hazelbridge Way#1830,Richmond";1;"";4.0;"0";"http://i1.s1.dpfile.com/pc/0f8d7bc8466dc3d5d75371d2f9b7408b(249x249)/thumb.jpg";0.0;0;8.0;7.5;7.5;0;0
1757;"Minami Restaurant";"";0.0;0.0;"1118 Mainland Street, Vancouver, British Columbia V6B 2S2, Canada(Helmcken and Davie)";1;"";4.5;"0";"http://i1.s1.dpfile.com/pc/c084d7d99e08bf2f6bd54788dfc42520(249x249)/thumb.jpg";0.0;0;0.0;0.0;0.0;0;0
1758;"WEST";"";0.0;0.0;"2881 Granville St,Vancouver";0;"";4.0;"4";"http://i2.s1.dpfile.com/pc/54a6e8835cb4bc939b0c5ee2743ef317(249x249)/thumb.jpg";0.0;0;8.3;8.3;8.3;0;0
1759;"Richmond Sushi";"";0.0;0.0;"8388 Capstan Way #1488, Richmond, BC  温哥华";0;"";3.0;"0";"http://i1.s1.dpfile.com/pc/57e642e09ce14c636510fcb9f0e3e4ee(249x249)/thumb.jpg";0.0;0;6.6;6.7;6.7;0;0
1760;"Chambar";"";0.0;0.0;"568 Beatty Street, Vancouver, British Columbia V6B 2L3, Canada (Downtown)(Dunsmuir/Pender)";1;"";4.5;"0";"http://i3.s1.dpfile.com/pc/831854dc8b5103e00ae10758d608e48f(249x249)/thumb.jpg";0.0;0;0.0;0.0;0.0;0;0
1761;"Chongqing";"";0.0;0.0;"1260 Robson, Vancouver, British Columbia, Canada";0;"";4.5;"0";"http://i1.s1.dpfile.com/pc/f809633fbe7aca343ff4fa691133f0d8(249x249)/thumb.jpg";0.0;0;0.0;0.0;0.0;0;0
1762;"Mink A Chocolate Cafe";"";0.0;0.0;"863 West Hastings Street, Vancouver";0;"";4.0;"4";"http://i3.s1.dpfile.com/pc/3a0433527f791e583516766029bb2234(249x249)/thumb.jpg";0.0;0;6.9;6.9;6.9;0;0
1763;"Coffee Bar";"";0.0;0.0;"10 Water St,Vancouver,BC V6B 1A4加拿大";0;"";4.0;"4";"http://i3.s1.dpfile.com/pc/f970b89b8029da054f25d556ccf1f90e(249x249)/thumb.jpg";0.0;0;7.0;7.0;7.0;0;0
1764;"Araxi";"";0.0;0.0;"4222 Viliage Square, Whistler";604;"";4.0;"0";"http://i3.s1.dpfile.com/pc/9ba0597ddfc2f27d57f3cae5883f89d2(249x249)/thumb.jpg";0.0;0;7.1;7.1;7.1;0;0
1765;"越宝龍japolo";"";0.0;0.0;"2087 W.Broadway,Vancouver";1;"";3.0;"0";"http://i1.s1.dpfile.com/pc/ec3a9022e8ccff998d9d118d3441a300(249x249)/thumb.jpg";0.0;0;7.5;6.7;6.7;0;0
1766;"Hy s Steakhouse ";"";0.0;0.0;"637 Hornby St, Vancouver, British Columbia, V6C 2G3, Canada";0;"";4.0;"0";"http://i2.s1.dpfile.com/pc/a011c1f4c12d4feb14dabe793e9eb5be(249x249)/thumb.jpg";7.7;0;7.7;7.7;7.7;0;0
1767;"BaoQi Eateri";"";0.0;0.0;"620 Davie Street, Vancouver, British Columbia V6B5B6, Canada";0;"";4.5;"0";"http://i1.s1.dpfile.com/pc/63024d79d2b7b8425f1e99e2202bc247(249x249)/thumb.jpg";0.0;0;0.0;0.0;0.0;0;0
1768;"抄手王";"";0.0;0.0;"4500 kingsway burnaby";1;"";4.0;"0";"http://i1.s1.dpfile.com/pc/ad722099a05e7f991098159bff6bb08d(249x249)/thumb.jpg";6.8;0;6.3;6.8;6.8;0;0
1769;"Toku Japanese Restaurant ";"";0.0;0.0;"Lansdowne Mall 5300 Mo.3 Road, Richmond";604;"";4.0;"0";"http://i1.s1.dpfile.com/pc/5ae161c69187a2f19f7c9d983372583f(249x249)/thumb.jpg";0.0;0;7.1;7.1;7.1;0;0
1770;"鲍粤轩";"";0.0;0.0;"8077 Alexandra Rd Richmond BC V6X3A6";604;"";4.0;"0";"http://j3.s2.dpfile.com/s/c/app/shop/i/shop/no-photo-v2.cb489b6dc9f2efe05219ddb61bde98a8.png";0.0;0;8.3;7.4;7.4;0;0
1771;"kintaro ramen";"";0.0;0.0;"788 Denman St,Vancouver,BC V6G 2L5";1;"";4.0;"0";"http://i2.s1.dpfile.com/pc/7e60c463fa8839208b570ef4b04a44ed(249x249)/thumb.jpg";0.0;0;7.4;6.7;6.7;0;0
1772;"Medina Cafe";"";0.0;0.0;"556 Beatty Street, Vancouver";0;"";4.0;"4";"http://i3.s1.dpfile.com/pc/25edaf479a56bb97b4a35341a0133925(249x249)/thumb.jpg";0.0;0;6.9;7.0;7.0;0;0
1773;"Italian Kitchen";"";0.0;0.0;"1037 Alberni Street, Vancouver, British Columbia V7V 3H6, Canada(Burrard)";0;"";4.0;"0";"http://i2.s1.dpfile.com/pc/85cb6d4d508ad4b21c3db3a09e7ee02d(249x249)/thumb.jpg";0.0;0;7.5;7.5;7.5;0;0
1774;"Tropika 星马印餐厅";"";0.0;0.0;"322 Lansdowne Mall, 5300 No. 3 Road, Richmond";1;"";4.0;"0";"http://i2.s1.dpfile.com/pc/cd1685558a0c366ddee4fb2665fb3e26(249x249)/thumb.jpg";0.0;0;7.5;7.5;7.5;0;0
1775;"梅园";"";0.0;0.0;"5960 Minoru Blvd., Richmond, ";604;"";4.0;"0";"http://i1.s1.dpfile.com/pc/03a94ce942b746bb2c4ec86570fabb5b(249x249)/thumb.jpg";0.0;0;7.1;6.8;6.8;0;0
1776;"HK BBQ Master";"";0.0;0.0;"4651 #3 Rd Richmond BC ";0;"";4.0;"0";"http://i2.s1.dpfile.com/pc/73849810a037029b90b32c2008b1cebb(249x249)/thumb.jpg";0.0;0;7.5;7.1;7.1;0;0
1777;"Felicos";"";0.0;0.0;"8140 Leslie Rd, Richmond";604;"";4.0;"4";"http://i3.s1.dpfile.com/pc/0237a194163a61529f6ec7387f854616(249x249)/thumb.jpg";0.0;0;7.2;7.2;7.2;0;0
1778;"百乐潮州酒家";"";0.0;0.0;"200 - 7997 Westminster Hwy Richmond BC V6X1A4";604;"";4.0;"0";"http://i2.s1.dpfile.com/pc/31905dfe6c039a2566467b15143530e2(249x249)/thumb.jpg";0.0;0;7.1;7.1;7.1;0;0
1779;"功夫面";"";0.0;0.0;"1015-8580 Alexandra Road, Richmond";604;"";4.0;"0";"http://i2.s1.dpfile.com/pc/bd93101d027f24a5391b20ef72bfe169(249x249)/thumb.jpg";0.0;0;7.3;7.3;7.3;0;0
1780;"Tojo";"";0.0;0.0;"1133, Broadway, Vancouver";604;"";4.0;"0";"http://i1.s1.dpfile.com/pc/012e0332280888f99f24b4a7b29397af(249x249)/thumb.jpg";0.0;0;7.1;7.0;7.0;0;0
1781;"Kitanoya Guu Richmond";"";0.0;0.0;"4151 Hazelbridge Way #2790, Richmond";604;"";4.0;"6";"http://i2.s1.dpfile.com/pc/db0da4a891ee1557def83541b9eb1d63(249x249)/thumb.jpg";0.0;0;7.0;7.0;7.0;0;0
1782;"White spot";"";0.0;0.0;"15877 Croydon Drive. Surrey";1;"";3.0;"0";"http://i3.s1.dpfile.com/pc/0fb5d75e329746eff2ad47e3d45ecf31(249x249)/thumb.jpg";0.0;0;6.9;7.0;7.0;0;0
1783;"功夫面";"";0.0;0.0;"8580 Alexandra Rd Richmond,BC V6X 4B3";0;"";4.0;"0";"http://i1.s1.dpfile.com/pc/0fe1175ca55d0152e1ca3aeb50eb7f8e(249x249)/thumb.jpg";0.0;0;7.3;6.8;6.8;0;0
1784;"家乡小吃 Hometown Food";"";0.0;0.0;"2235-8888 odlin cr,richmond,bc";1;"";0.0;"0";"http://j3.s2.dpfile.com/s/c/app/shop/i/shop/no-photo-v2.cb489b6dc9f2efe05219ddb61bde98a8.png";0.0;0;0.0;0.0;0.0;0;0
1785;"邦德厨房";"";0.0;0.0;"6557 Elgin Ave";2147483647;"";0.0;"0";"http://i2.s1.dpfile.com/pc/aae0e555dbc0703e743200f67bee3506(249x249)/thumb.jpg";0.0;0;0.0;0.0;0.0;0;0
1786;"宁波其他酒家";"";0.0;0.0;"1150-4380 NO.3 Place Richomnd B.C";1;"";0.0;"0";"http://i2.s1.dpfile.com/pc/524cc4ca6ccfb7ddf7c73a3d5dfb32c4(249x249)/thumb.jpg";0.0;0;0.0;0.0;0.0;0;0
1787;"CinCin Ristorante";"";0.0;0.0;"1154 Robson St, Vancouver, British Columbia V6E 1B2, Canada";1;"";0.0;"0";"http://i2.s1.dpfile.com/pc/9aa2592ea8f3ccf430e1eedb683e3101(249x249)/thumb.jpg";0.0;0;0.0;0.0;0.0;0;0
1788;"雪贝尔蛋糕";"";0.0;0.0;"8419 Granville St.Vancouver";0;"";0.0;"0";"http://i2.s1.dpfile.com/pc/03b3be266bc98e3212de93ec799ff5b4(249x249)/thumb.jpg";0.0;0;0.0;0.0;0.0;0;0
1789;"Old Faithful Shop";"";0.0;0.0;"320 WCordova St.Vancouver,BC, V6B 1E8";0;"";0.0;"0";"http://i3.s1.dpfile.com/pc/5872ae05a7d58125d58b338c1f64be22(249x249)/thumb.jpg";0.0;0;0.0;0.0;0.0;0;0
1790;"金边小馆";"";0.0;0.0;"244 East Georgia Street, Vancouver, BC V6A 1Z7";604;"";0.0;"0";"http://i1.s1.dpfile.com/pc/0e248090c52bc62efa1058539c7fa8a7(249x249)/thumb.jpg";0.0;0;0.0;0.0;0.0;0;0
1791;"Earls Kitchen";"";0.0;0.0;"1601 west broadway, vancouver bc";0;"";0.0;"0";"http://j3.s2.dpfile.com/s/c/app/shop/i/shop/no-photo-v2.cb489b6dc9f2efe05219ddb61bde98a8.png";0.0;0;0.0;0.0;0.0;0;0
1792;"Prince Seafood Restaurant";"";0.0;0.0;"2881 Grandview Highway";1;"";0.0;"0";"http://j3.s2.dpfile.com/s/c/app/shop/i/shop/no-photo-v2.cb489b6dc9f2efe05219ddb61bde98a8.png";0.0;0;0.0;0.0;0.0;0;0
1793;"Komi";"";0.0;0.0;"100-1100 Melville St. Vancouver, B.C";1;"";0.0;"0";"http://i1.s1.dpfile.com/pc/a97c2f8660cdd7aafc166141ea0a9c90(249x249)/thumb.jpg";0.0;0;0.0;0.0;0.0;0;0
1794;"Steveston Pizza Company";"";0.0;0.0;"3400 Moncton Street, Suite 100, Richmond, BC V7E 3A2";0;"";0.0;"4";"http://j3.s2.dpfile.com/s/c/app/shop/i/shop/no-photo-v2.cb489b6dc9f2efe05219ddb61bde98a8.png";0.0;0;0.0;0.0;0.0;0;0
1795;"泰麻鲜双人火锅";"";0.0;0.0;"8391 Alexandra Rd Richmond,BC V6X3W5";0;"";0.0;"0";"http://i3.s1.dpfile.com/pc/a3c1c5ca43c102f0365065379bf4b1ef(249x249)/thumb.jpg";0.0;0;0.0;0.0;0.0;0;0
1796;"东北面馆";"";0.0;0.0;"108 - 8571Alexandra Rd RichmondBC V6X1C3";0;"";0.0;"0";"http://i1.s1.dpfile.com/pc/6f1ded8238d13179da123bf235c4118a(249x249)/thumb.jpg";0.0;0;0.0;0.0;0.0;0;0
1797;"Earls";"";0.0;0.0;"1601 west broadway, vancouver bc";0;"";0.0;"0";"http://j3.s2.dpfile.com/s/c/app/shop/i/shop/no-photo-v2.cb489b6dc9f2efe05219ddb61bde98a8.png";0.0;0;0.0;0.0;0.0;0;0
1798;"Regional Tasting lounge";"";0.0;0.0;"1130 Mainland street, Vancouver";1;"";0.0;"0";"http://i3.s1.dpfile.com/pc/5bc482e2e5c84e5383d3717e2b8d4e25(249x249)/thumb.jpg";0.0;0;0.0;0.0;0.0;0;0
1799;"帝皇其他酒家";"";0.0;0.0;"3502 Kingsway,Vancouver,BC";0;"";0.0;"0";"http://i3.s1.dpfile.com/pc/d0721321b19c003ece27682a2498c35d(249x249)/thumb.jpg";0.0;0;0.0;0.0;0.0;0;0
1800;"Le Marché St. George";"";0.0;0.0;"4393 St.George Street Vancouver,BC V5T3S1";0;"";0.0;"0";"http://i1.s1.dpfile.com/pc/f1e50aee26cca850c671f570ba2437e5(249x249)/thumb.jpg";0.0;0;0.0;0.0;0.0;0;0
1801;"Mimi Buloveme";"";0.0;0.0;"5556 Cambie St";0;"";0.0;"0";"http://i2.s1.dpfile.com/pc/774c68968d9c1730a0c809b3e8263658(249x249)/thumb.jpg";0.0;0;0.0;0.0;0.0;0;0
1802;"Brass Monkey";"";0.0;0.0;"1072 Denman St.";1;"";0.0;"0";"http://i3.s1.dpfile.com/pc/062f2d8397b8f24818ef60c07302c2fb(249x249)/thumb.jpg";0.0;0;0.0;0.0;0.0;0;0
1803;"Gastropod餐馆";"";0.0;0.0;"1938 W 4th Ave";1;"";0.0;"4";"http://i2.s1.dpfile.com/pc/d459056af0022244b9b8c20e123e5c47(249x249)/thumb.jpg";0.0;0;0.0;0.0;0.0;0;0
1804;"加乐其他酒家";"";0.0;0.0;"8300 Capstan Way Richmond,BC V6X 4B5(近604-284-5511)";0;"";0.0;"0";"http://i3.s1.dpfile.com/pc/4960e45e7a5b242b63702ced337f2a5d(249x249)/thumb.jpg";0.0;0;0.0;0.0;0.0;0;0
1805;"QQ Gelato";"";0.0;0.0;"1055 Canada Place,#30号(近subway)";0;"";0.0;"0";"http://i3.s1.dpfile.com/pc/ac0ab20a79be78e2d784240ed49cfb92(249x249)/thumb.jpg";0.0;0;0.0;0.0;0.0;0;0
1806;"味太郎";"";0.0;0.0;"4940 Number 3 Road,Richmond,BC V6X 3A5";0;"";0.0;"0";"http://i2.s1.dpfile.com/pc/0fd9b779a2662d73fb7422a169f5a367(249x249)/thumb.jpg";0.0;0;0.0;0.0;0.0;0;0
1807;"Tastylife Cafe";"";0.0;0.0;"543 WPender St,Vancouver,BC V6B 1V3";0;"";0.0;"0";"http://i2.s1.dpfile.com/pc/ef5d413e30c611dc64bb7016acca989e(249x249)/thumb.jpg";0.0;0;0.0;0.0;0.0;0;0
1808;"鹿鸣春";"";0.0;0.0;"3700 NO.3 Road, Yaohan Centre (八佰伴中心), Food Court Unit 1100";1;"";0.0;"0";"http://i1.s1.dpfile.com/pc/ebfddf609c0d7664ebc862d386771735(249x249)/thumb.jpg";0.0;0;0.0;0.0;0.0;0;0
1809;"Richmond Public Market";"";0.0;0.0;"Suite 1880-8260 Westminster Hwy, Richmond, BC V6X 1A7加拿大";1;"";0.0;"0";"http://i1.s1.dpfile.com/pc/66a6d617dc89026a1d012ee9df8cb182(249x249)/thumb.jpg";0.0;0;0.0;0.0;0.0;0;0
1810;"ChocolaTas";"";0.0;0.0;"1689 Johnston Street, Vancouver";0;"";0.0;"10";"http://i1.s1.dpfile.com/pc/197f062c1ee1de0c8b4a11966f9519af(249x249)/thumb.jpg";0.0;0;0.0;0.0;0.0;0;0
1811;"Taka s Sushi";"";0.0;0.0;"15214 Pacific Avenue White Rock, BC V4B 1P7, Canada";0;"";0.0;"0";"http://i1.s1.dpfile.com/pc/5ae161c69187a2f19f7c9d983372583f(249x249)/thumb.jpg";0.0;0;0.0;0.0;0.0;0;0
1812;"YEW resTaurAnt + Bar";"";0.0;0.0;"791 WGeorgia St,Vancouver,BC V6C 2T4加拿大";0;"";0.0;"4";"http://i1.s1.dpfile.com/pc/1d3274fae3fbf5efdff8a120c53c14e9(249x249)/thumb.jpg";0.0;0;0.0;0.0;0.0;0;0
